date,open,high,low,close,volume
2024-10-08,151.95,153.33,147.12,150.75,735026.0
2024-10-09,150.93,154.14,149.65,154.07,529393.0
2024-10-10,153.53,154.17,151.09,152.78,476103.0
2024-10-11,155.19,156.4,153.95,155.82,366153.0
2024-10-14,155.86,157.16,154.41,155.29,555187.0
2024-10-15,156.48,162.61,156.48,160.25,661257.0
2024-10-16,161.28,166.0,161.05,164.03,468189.0
2024-10-17,162.86,163.76,161.14,161.71,226043.0
2024-10-18,161.43,164.76,159.15,163.87,398083.0
2024-10-21,163.03,163.19,159.39,159.72,264813.0
2024-10-22,158.01,158.68,156.24,157.24,391718.0
2024-10-23,157.15,159.84,155.86,157.62,491690.0
2024-10-24,157.38,158.19,150.37,151.09,1272925.0
2024-10-25,138.88,144.41,137.08,139.77,1579548.0
2024-10-28,140.6,142.19,139.07,139.49,944081.0
2024-10-29,147.7,162.95,146.09,162.76,2252603.0
2024-10-30,161.21,161.94,157.28,158.08,620239.0
2024-10-31,156.83,157.79,154.4,155.02,582880.0
2024-11-01,156.58,157.52,154.84,156.13,580731.0
2024-11-04,156.14,163.49,156.14,162.38,1088369.0
2024-11-05,162.25,167.49,162.05,166.87,667986.0
2024-11-06,155.01,162.32,153.28,160.37,1289495.0
2024-11-07,161.14,168.6,160.29,168.52,634814.0
2024-11-08,169.57,169.77,164.44,165.21,567055.0
2024-11-11,166.18,168.09,166.11,166.85,474573.0
2024-11-12,166.86,167.0,161.08,164.21,481921.0
2024-11-13,165.06,165.57,161.86,162.93,432022.0
2024-11-14,163.1,171.0,159.5,162.65,1206269.0
2024-11-15,161.81,162.31,153.02,155.34,850274.0
2024-11-18,156.1,156.42,151.86,153.45,863572.0
2024-11-19,152.17,154.16,150.35,153.35,403463.0
2024-11-20,153.05,153.28,149.59,151.84,541821.0
2024-11-21,149.0,150.06,142.79,147.92,1340041.0
2024-11-22,145.33,145.63,141.09,143.63,1598333.0
2024-11-25,139.54,144.42,138.74,143.32,1186616.0
2024-11-26,142.9,145.7,140.12,145.64,867709.0
2024-11-27,145.99,147.45,141.84,141.98,718627.0
2024-11-29,142.1,143.59,141.5,142.68,222056.0
2024-12-02,142.25,143.29,141.0,142.03,578320.0
2024-12-03,143.55,143.55,141.0,141.27,515970.0
2024-12-04,142.0,142.19,140.12,141.51,349803.0
2024-12-05,142.07,143.31,138.1,138.9,441659.0
2024-12-06,139.75,140.23,136.72,138.94,586705.0
2024-12-09,139.54,144.94,138.06,141.01,608453.0
2024-12-10,140.46,142.92,137.51,139.1,526497.0
2024-12-11,140.7,141.47,137.6,140.09,452769.0
2024-12-12,140.19,141.22,134.75,135.36,983751.0
2024-12-13,135.62,137.73,135.62,136.71,502121.0
2024-12-16,133.67,138.68,132.75,133.77,584626.0
2024-12-17,133.0,134.53,131.53,132.55,584464.0
2024-12-18,133.42,133.99,126.96,127.46,569221.0
2024-12-19,126.97,129.01,125.23,125.7,520706.0
2024-12-20,125.98,130.8,125.43,129.46,1767487.0
2024-12-23,129.01,129.7,126.86,129.64,592085.0
2024-12-24,128.63,130.25,127.77,129.71,186302.0
2024-12-26,129.34,129.34,127.81,127.95,190983.0
2024-12-27,127.01,128.56,126.22,127.97,309793.0
2024-12-30,126.99,127.36,124.76,125.42,320635.0
2024-12-31,127.5,127.5,124.85,126.23,235314.0
2025-01-02,127.37,127.99,125.18,125.22,282329.0
2025-01-03,125.0,125.4,120.53,122.65,826007.0
2025-01-06,123.31,126.76,122.76,125.61,724648.0
2025-01-07,126.99,130.41,126.0,128.8,620236.0
2025-01-08,128.27,130.97,127.0,130.21,622160.0
2025-01-10,128.52,131.97,126.37,127.97,632719.0
2025-01-13,127.21,129.32,125.92,129.27,387114.0
2025-01-14,128.9,129.5,125.27,127.63,307904.0
2025-01-15,130.82,131.18,128.84,130.03,348363.0
2025-01-16,130.05,133.19,129.5,132.77,360813.0
2025-01-17,132.79,133.3,129.87,130.86,342107.0
2025-01-21,131.68,134.91,131.17,134.43,363444.0
2025-01-22,134.66,136.08,132.3,134.42,307709.0
2025-01-23,134.88,138.98,134.88,138.29,693681.0
2025-01-24,137.82,138.55,130.87,135.58,611646.0
2025-01-27,134.98,139.1,134.01,138.89,363519.0
2025-01-28,139.61,143.63,139.6,139.67,843610.0
2025-01-29,140.15,141.21,137.58,139.37,441459.0
2025-01-30,140.82,144.67,140.21,143.23,556182.0
2025-01-31,143.04,143.39,140.0,140.89,399450.0
2025-02-03,138.39,146.99,138.39,144.64,735223.0
2025-02-04,143.12,145.42,142.52,143.71,449310.0
2025-02-05,144.38,145.59,142.66,144.98,440333.0
2025-02-06,144.88,146.74,138.57,139.8,657908.0
2025-02-07,140.8,141.49,138.94,140.47,344695.0
2025-02-10,140.98,141.5,134.47,139.45,615546.0
2025-02-11,139.45,140.9,136.53,138.83,768469.0
2025-02-12,134.07,142.69,124.2,126.19,3141220.0
2025-02-13,127.99,134.43,125.15,133.57,1551865.0
2025-02-14,134.04,137.57,132.59,133.31,1073259.0
2025-02-18,132.99,138.17,132.21,134.91,1016232.0
2025-02-19,132.6,137.86,131.74,135.65,1164292.0
2025-02-20,134.66,138.11,133.74,137.24,904562.0
2025-02-21,136.32,137.15,129.51,129.6,821056.0
2025-02-24,130.83,133.0,129.95,131.56,664719.0
2025-02-25,131.66,135.05,130.41,134.57,763181.0
2025-02-26,136.08,136.44,128.75,131.75,1016678.0
2025-02-27,134.16,137.38,129.98,130.48,643926.0
2025-02-28,122.95,126.65,117.0,126.59,2239611.0
2025-03-03,127.69,128.08,123.98,124.56,941032.0
2025-03-04,122.75,125.05,120.5,122.67,1140900.0
2025-03-05,121.45,126.5,121.45,126.02,656285.0
2025-03-06,124.48,126.67,123.68,125.44,967905.0
2025-03-07,125.06,128.26,123.15,127.49,693950.0
2025-03-10,126.54,128.84,124.5,126.15,869495.0
2025-03-11,125.8,127.32,123.86,126.42,555449.0
2025-03-12,127.52,129.25,120.77,121.2,1031733.0
2025-03-13,121.63,121.9,117.25,119.51,977325.0
2025-03-14,120.77,123.14,119.42,122.67,644872.0
2025-03-17,122.33,129.22,121.97,128.0,871022.0
2025-03-18,127.58,128.98,124.42,125.33,431316.0
2025-03-19,125.34,127.88,125.04,127.75,376715.0
2025-03-20,127.06,128.55,126.02,126.34,487524.0
2025-03-21,124.4,125.51,121.32,123.2,1689292.0
2025-03-24,125.23,130.12,124.6,129.49,806142.0
2025-03-25,132.81,137.86,129.58,130.78,944737.0
2025-03-26,132.06,133.76,128.87,133.04,1032448.0
2025-03-27,133.04,136.0,132.46,134.44,721021.0
2025-03-28,133.86,135.81,131.39,133.14,401018.0
2025-03-31,131.02,135.76,131.01,134.5,449881.0
2025-04-01,135.61,135.96,132.85,133.4,509267.0
2025-04-02,131.75,137.5,131.22,137.18,490412.0
2025-04-03,134.0,135.81,131.05,132.86,755366.0
2025-04-04,128.33,129.04,119.66,120.35,1741858.0
2025-04-07,116.59,124.8,113.43,119.72,1338482.0
2025-04-08,125.0,127.64,117.96,119.51,942391.0
2025-04-09,118.51,133.03,117.55,131.07,1439784.0
2025-04-10,129.35,130.25,123.65,127.52,647160.0
2025-04-11,127.52,128.73,121.11,123.79,917646.0
2025-04-14,126.88,126.88,121.7,124.91,667901.0
2025-04-15,121.98,123.65,120.32,120.91,537638.0
2025-04-16,120.84,123.38,119.35,120.44,546347.0
2025-04-17,124.45,124.62,120.86,121.81,502064.0
2025-04-21,121.4,121.4,109.82,110.41,1221924.0
2025-04-22,111.75,114.76,111.15,114.68,914404.0
2025-04-23,119.2,123.65,118.96,121.05,907426.0
2025-04-24,121.93,125.21,120.94,124.24,527045.0
2025-04-25,126.56,126.56,120.74,122.1,551520.0
2025-04-28,122.83,124.34,121.83,123.91,958991.0
2025-04-29,128.0,140.19,126.75,138.35,1966302.0
2025-04-30,137.1,143.63,134.56,142.95,1060845.0
2025-05-01,143.26,147.41,140.27,145.29,994277.0
2025-05-02,145.5,149.58,145.27,148.03,674026.0
2025-05-05,147.8,151.49,147.52,149.03,618831.0
2025-05-06,148.48,152.08,146.31,151.48,734763.0
2025-05-07,151.48,153.0,148.91,152.32,678249.0
2025-05-08,152.32,153.0,148.87,149.06,391532.0
2025-05-09,149.42,151.44,147.51,148.83,512670.0
2025-05-12,153.52,161.55,151.34,154.57,1012706.0
2025-05-13,153.69,159.0,153.51,157.7,950955.0
2025-05-14,157.35,160.78,156.68,159.57,1011412.0
2025-05-15,159.2,164.18,157.4,164.03,991133.0
2025-05-16,164.03,166.15,161.35,165.47,972904.0
2025-05-19,163.74,167.63,163.55,167.28,997686.0
2025-05-20,166.93,169.24,166.22,168.66,512821.0
2025-05-21,166.0,167.51,162.11,162.83,510976.0
2025-05-22,161.22,163.76,160.26,161.33,399228.0
2025-05-23,159.35,163.72,158.44,162.98,589821.0
2025-05-27,165.72,166.23,163.72,165.1,439969.0
2025-05-28,164.08,167.23,163.62,164.67,644356.0
2025-05-29,167.54,170.42,165.98,166.26,750417.0
2025-05-30,165.41,170.37,163.87,168.77,1134357.0
2025-06-02,169.13,170.5,167.28,170.12,1054054.0
2025-06-03,171.63,174.15,170.6,171.84,615407.0
2025-06-04,172.89,173.15,169.79,169.89,738421.0
2025-06-05,170.27,173.56,169.76,171.84,720827.0
2025-06-06,170.0,172.51,169.44,171.46,703124.0
2025-06-09,171.07,171.46,159.22,166.19,1015941.0
2025-06-10,163.0,163.5,155.58,156.56,1466055.0
2025-06-11,153.12,162.45,152.55,161.41,1256916.0
2025-06-12,161.22,166.28,159.51,165.54,1080318.0
2025-06-13,163.49,168.26,162.44,164.37,1010305.0
2025-06-16,165.27,166.25,154.33,164.24,2267252.0
2025-06-17,162.0,168.63,159.99,167.46,821945.0
2025-06-18,167.7,170.27,166.82,167.58,1088375.0
2025-06-20,167.8,169.95,166.13,168.01,854625.0
2025-06-23,167.91,169.39,164.75,169.12,540857.0
2025-06-24,170.24,171.85,168.34,171.52,612843.0
2025-06-25,170.79,171.65,167.73,169.01,878332.0
2025-06-26,171.2,177.32,171.08,172.56,892420.0
2025-06-27,172.71,176.49,172.5,173.63,489130.0
2025-06-30,171.95,176.26,171.55,176.0,994298.0
2025-07-01,176.02,178.76,175.33,177.43,669945.0
2025-07-02,176.55,177.05,171.19,172.22,807046.0
2025-07-03,173.7,173.7,169.27,171.5,513919.0
2025-07-07,171.95,174.03,170.8,173.09,532130.0
2025-07-08,172.12,173.9,172.12,172.39,347500.0
2025-07-09,173.88,174.04,170.31,171.4,372251.0
2025-07-10,171.0,175.08,169.03,173.66,384726.0
2025-07-11,172.25,175.96,171.53,175.75,481453.0
2025-07-14,175.75,177.83,175.04,177.74,425678.0
2025-07-15,177.74,179.91,172.08,172.78,608794.0
2025-07-16,171.13,173.69,166.98,173.39,730627.0
2025-07-17,173.45,175.94,172.8,175.14,340219.0
2025-07-18,175.14,177.21,174.67,175.06,948447.0
2025-07-21,175.06,177.45,172.77,174.65,1475823.0
2025-07-22,183.4,185.25,154.17,155.97,4149889.0
2025-07-23,157.77,159.79,156.69,158.31,1742618.0
2025-07-24,157.94,158.14,147.52,148.38,1431509.0
2025-07-25,149.0,153.15,146.6,153.02,997438.0
2025-07-28,151.63,157.0,151.0,156.52,1581679.0
2025-07-29,156.85,159.13,155.58,156.06,611046.0
2025-07-30,156.1,161.18,155.01,160.89,1007418.0
2025-07-31,160.47,163.8,158.37,161.28,576339.0
2025-08-01,160.74,161.54,157.87,158.09,496129.0
2025-08-04,158.7,162.21,156.71,161.07,338092.0
2025-08-05,161.75,162.42,160.06,160.29,275304.0
2025-08-06,161.16,161.65,158.76,159.26,320000.0
2025-08-07,160.19,163.71,159.47,163.42,402490.0
2025-08-08,163.59,165.84,162.7,165.58,300150.0
2025-08-11,166.37,167.77,165.16,166.63,372662.0
2025-08-12,166.68,171.01,165.82,170.48,311663.0
2025-08-13,171.5,173.36,170.6,171.87,499381.0
2025-08-14,171.14,173.6,170.43,172.36,349008.0
2025-08-15,172.36,173.22,167.86,172.02,497536.0
2025-08-18,172.0,172.75,170.95,171.33,341637.0
2025-08-19,172.25,178.78,172.03,178.03,618569.0
2025-08-20,178.82,182.9,178.28,181.94,760949.0
2025-08-21,182.43,182.72,177.36,177.39,415763.0
2025-08-22,177.98,181.09,177.58,179.5,440227.0
2025-08-25,179.92,181.9,179.02,180.23,245156.0
2025-08-26,179.71,181.35,179.51,180.04,264013.0
2025-08-27,180.22,183.1,180.22,181.95,264869.0
2025-08-28,182.09,185.0,181.04,184.53,504998.0
2025-08-29,184.17,184.68,181.6,184.33,366185.0
2025-09-02,183.58,186.05,183.07,185.35,415470.0
2025-09-03,184.74,187.03,183.1,186.91,285502.0
2025-09-04,188.16,193.46,187.49,192.52,521735.0
2025-09-05,193.53,196.73,192.98,196.18,338598.0
2025-09-08,195.59,196.25,190.08,192.47,418878.0
2025-09-09,192.09,196.62,185.0,196.39,786346.0
2025-09-10,198.08,199.99,187.67,191.78,970504.0
2025-09-11,192.0,194.75,191.34,193.38,454524.0
2025-09-12,192.02,193.42,191.36,192.82,410091.0
2025-09-15,192.29,193.07,186.38,186.75,597626.0
2025-09-16,188.02,188.02,180.78,182.82,555495.0
2025-09-17,183.42,186.74,182.52,183.47,324712.0
2025-09-18,185.0,191.04,183.35,190.29,436058.0
2025-09-19,189.92,191.14,188.25,190.14,637940.0
2025-09-22,190.14,196.07,189.9,194.06,282317.0
2025-09-23,194.48,198.61,192.54,193.08,270882.0
2025-09-24,193.0,197.9,191.34,196.63,400265.0
2025-09-25,196.21,197.3,193.13,196.72,218548.0
2025-09-26,197.7,202.15,197.55,202.0,511186.0
2025-09-29,201.9,202.71,199.49,201.2,295209.0
2025-09-30,201.72,204.49,201.71,203.04,482583.0
2025-10-01,202.25,202.6,197.58,201.34,480770.0
2025-10-02,201.64,203.82,200.37,203.38,165972.0
2025-10-03,203.52,205.99,202.01,203.0,291274.0
2025-10-06,202.78,204.59,199.64,199.76,282159.0
2025-10-07,201.12,207.14,199.3,204.83,279689.0
2025-10-08,204.69,205.96,200.17,200.48,308602.0
2025-10-09,201.05,202.0,193.91,194.85,814795.0
2025-10-10,195.19,195.46,189.13,189.58,399573.0
2025-10-13,191.43,191.68,187.67,190.0,327868.0
2025-10-14,191.01,196.6,190.48,196.33,425200.0
2025-10-15,196.99,200.26,195.94,199.23,465292.0
2025-10-16,199.26,200.65,197.2,199.13,256091.0
2025-10-17,199.13,200.12,196.2,200.0,331001.0
2025-10-20,201.31,202.83,200.38,202.11,314118.0
2025-10-21,202.64,203.29,200.88,202.35,307604.0
2025-10-22,203.42,206.1,202.86,205.12,486795.0
2025-10-23,204.27,208.25,204.14,206.91,653552.0
2025-10-24,209.51,217.43,203.15,210.38,943476.0
2025-10-27,210.39,217.16,210.39,216.17,1006631.0
2025-10-28,209.93,213.98,198.45,204.62,904770.0
2025-10-29,205.34,212.22,203.54,209.14,650190.0
2025-10-30,208.04,214.4,207.46,208.62,600647.0
2025-10-31,207.78,210.47,205.65,206.49,475726.0
2025-11-03,205.78,205.78,198.33,201.39,570009.0
2025-11-04,199.98,209.64,199.12,207.73,541241.0
2025-11-05,206.49,209.17,203.94,208.62,321068.0
2025-11-06,208.95,210.34,203.71,204.19,170431.0
2025-11-07,203.55,206.24,201.89,205.26,220326.0
2025-11-10,192.0,198.14,189.57,194.68,530259.0
2025-11-11,195.54,202.26,192.99,198.32,464805.0
2025-11-12,198.12,202.44,197.35,199.99,217232.0
2025-11-13,199.02,200.17,195.29,196.66,191055.0
2025-11-14,196.18,196.71,191.88,192.91,381981.0
2025-11-17,193.0,194.92,191.1,192.4,524454.0
2025-11-18,191.46,193.74,190.96,193.0,308566.0
2025-11-19,192.62,194.73,190.16,194.25,679681.0
2025-11-20,194.97,196.0,186.21,186.68,334162.0
2025-11-21,188.78,194.72,187.52,191.96,456500.0
2025-11-24,202.35,215.93,200.83,214.62,1955375.0
2025-11-25,214.87,220.31,214.82,218.46,689938.0
2025-11-26,219.8,221.0,217.04,217.42,284885.0
2025-11-28,217.5,218.59,215.8,216.84,52607.0
2025-12-01,215.72,218.87,212.85,215.13,396636.0
2025-12-02,222.0,222.82,214.48,214.84,298888.0
2025-12-03,215.68,217.71,209.52,211.34,248000.0
2025-12-04,210.25,215.47,209.06,212.14,358095.0
2025-12-05,213.16,213.85,209.75,210.0,212662.0
2025-12-08,210.51,212.04,205.51,206.31,302001.0
2025-12-09,206.32,209.38,200.84,202.0,519103.0
2025-12-10,202.66,203.39,194.54,197.47,706051.0
2025-12-11,197.77,200.12,196.63,197.71,368178.0
2025-12-12,197.6,200.76,196.62,199.4,274550.0
2025-12-15,199.13,199.13,195.7,197.32,379377.0
2025-12-16,196.59,198.54,194.26,196.88,274497.0
2025-12-17,195.69,197.16,193.44,195.02,386365.0
2025-12-18,196.59,198.98,193.25,194.37,240675.0
2025-12-19,194.36,197.16,193.62,196.33,319336.0
2025-12-22,196.27,200.33,195.7,199.87,350314.0
2025-12-23,198.87,199.59,197.16,198.76,193574.0
2025-12-24,199.85,199.85,196.68,197.77,86900.0
2025-12-26,198.66,201.39,197.01,200.6,256165.0
2025-12-29,200.7,201.79,198.44,201.14,183279.0
2025-12-30,201.21,202.39,199.45,201.3,267374.0
2025-12-31,200.65,201.12,198.22,198.72,226385.0
2026-01-02,198.87,200.56,195.27,199.45,596005.0
2026-01-05,198.88,208.29,198.88,207.01,696327.0
2026-01-06,205.9,211.0,205.9,208.24,188980.0
2026-01-07,207.05,207.87,200.79,202.0,498542.0
2026-01-08,202.41,204.54,200.86,203.35,181405.0
2026-01-09,204.67,205.83,200.25,201.2,141298.0
2026-01-12,199.0,200.07,194.5,199.61,447452.0
2026-01-13,199.61,200.16,194.89,199.19,183507.0
2026-01-14,198.32,199.05,194.04,195.19,360716.0
2026-01-15,196.27,202.71,194.39,201.32,253011.0
2026-01-16,200.16,201.15,195.0,196.74,316748.0
2026-01-20,194.23,197.2,192.12,193.26,296730.0
2026-01-21,194.47,197.66,189.66,190.83,447607.0
2026-01-22,190.52,192.82,187.31,189.45,368445.0
2026-01-23,188.12,190.0,185.0,188.78,264323.0
2026-01-26,189.1,192.01,188.46,189.92,477563.0
2026-01-27,196.18,201.28,188.95,189.15,507367.0
2026-01-28,187.12,192.59,186.18,189.58,456556.0
2026-01-29,189.25,190.52,186.73,189.49,308839.0
2026-01-30,188.95,191.41,186.91,189.28,215239.0
2026-02-02,189.73,195.17,187.7,188.03,536016.0
2026-02-03,193.68,195.77,191.85,192.85,671786.0
2026-02-04,192.66,195.07,190.25,190.66,303718.0
2026-02-05,191.85,196.96,190.5,195.97,451681.0
2026-02-06,198.45,204.38,197.48,201.37,630581.0
2026-02-09,199.92,201.91,192.3,192.96,615653.0
2026-02-10,194.21,194.21,188.79,193.04,698825.0
2026-02-11,188.35,229.0,186.5,226.35,2167342.0
2026-02-12,226.35,235.77,223.8,232.26,1286124.0
2026-02-13,231.16,235.5,227.47,231.1,459588.0
2026-02-17,233.04,235.02,227.34,234.25,469021.0
2026-02-18,234.6,234.6,229.02,231.75,335596.0
2026-02-19,230.69,231.9,227.01,228.08,361290.0
2026-02-20,227.66,230.15,226.06,229.9,356897.0
2026-02-23,228.7,234.29,226.9,233.77,315939.0
2026-02-24,235.0,237.67,231.26,237.58,423794.0
2026-02-25,238.5,240.83,235.6,237.04,359872.0
2026-02-26,237.32,240.59,233.16,239.67,583517.0
2026-02-27,237.87,240.13,235.39,239.39,255236.0
2026-03-02,237.0,238.75,229.91,235.12,384285.0
2026-03-03,232.25,243.72,228.48,242.88,626770.0
2026-03-04,242.5,245.98,237.84,244.8,481815.0
2026-03-05,242.01,247.21,236.74,241.4,334278.0
2026-03-06,238.69,239.93,233.0,236.95,332313.0
2026-03-09,234.98,241.51,230.42,240.59,526322.0
2026-03-10,240.3,243.54,237.01,237.42,431932.0
2026-03-11,237.0,239.65,233.0,234.58,422927.0
2026-03-12,233.09,239.3,224.23,224.73,548271.0
2026-03-13,226.57,228.3,215.97,227.63,587199.0
2026-03-16,229.21,229.21,219.12,219.3,393394.0
2026-03-17,220.51,222.1,206.41,211.64,432059.0
2026-03-18,211.64,214.28,199.99,203.21,520554.0
2026-03-19,202.94,206.54,197.79,205.11,505028.0
2026-03-20,203.5,204.93,198.89,200.35,381156.0
2026-03-23,204.71,207.23,202.26,203.41,416827.0
2026-03-24,202.19,203.44,194.43,199.63,420964.0
2026-03-25,200.07,202.71,196.66,200.04,155990.0
2026-03-26,197.92,202.1,195.06,195.46,178458.0
2026-03-27,195.33,197.0,190.85,191.86,237342.0
2026-03-30,193.5,193.5,187.64,188.0,449370.0
2026-03-31,189.13,192.41,182.0,188.71,753335.0
2026-04-01,189.65,192.75,188.91,190.27,365042.0
2026-04-02,185.54,189.59,183.14,188.17,285348.0
2026-04-06,186.94,190.32,185.51,190.28,625339.0
2026-04-07,189.26,196.79,189.26,194.6,461284.0
2026-04-08,204.5,206.48,199.33,199.34,737926.0
2026-04-09,198.77,205.61,198.67,201.87,295606.0
2026-04-10,201.67,203.8,193.4,195.24,854763.0
2026-04-13,194.66,196.55,187.81,192.99,785847.0
2026-04-14,192.73,200.06,191.13,196.6,444748.0
2026-04-15,198.32,200.86,191.6,193.56,660783.0
2026-04-16,195.47,199.07,191.48,192.0,290731.0
2026-04-17,193.54,200.43,193.17,196.64,413481.0
2026-04-20,196.0,197.01,190.59,191.26,813307.0
2026-04-21,192.1,192.75,185.29,185.47,1377077.0
2026-04-22,185.76,191.37,184.53,191.22,731617.0
2026-04-23,190.92,192.7,186.26,188.33,429731.0
2026-04-24,179.01,181.64,170.68,180.81,1759886.0
2026-04-27,181.37,186.32,180.79,185.53,862986.0
2026-04-28,187.18,188.04,177.2,177.5,517327.0
2026-04-29,175.93,181.52,175.93,180.1,1346607.0
2026-04-30,183.61,183.73,168.11,177.12,2027825.0
2026-05-01,179.11,188.02,178.53,183.27,2287252.0
2026-05-04,180.93,186.59,177.41,185.35,730558.0
2026-05-05,184.67,188.68,181.86,186.91,815569.0
2026-05-06,188.32,196.55,187.44,194.51,1095991.0
2026-05-07,194.71,197.85,191.06,194.13,758247.0
2026-05-08,196.19,198.43,188.88,190.38,594391.0
2026-05-11,190.3,192.04,187.34,191.68,497478.0
2026-05-12,191.68,197.93,189.25,195.88,748878.0
2026-05-13,195.23,199.2,194.12,195.86,525457.0
2026-05-14,197.06,200.89,195.88,198.55,750669.0
2026-05-15,198.89,200.66,194.8,196.66,926133.0
2026-05-18,196.89,199.08,192.33,192.45,580787.0
2026-05-19,190.99,193.47,182.0,191.4,1189813.0
2026-05-20,190.79,191.65,183.77,187.41,1128139.0
2026-05-21,182.93,184.09,177.75,178.0,783264.0
2026-05-22,178.08,182.01,173.75,173.78,526724.0
2026-05-26,171.91,179.01,171.59,176.38,666757.0
2026-05-27,177.35,182.69,176.58,181.06,736515.0
2026-05-28,179.19,180.36,172.39,173.2,564665.0
2026-05-29,171.13,179.56,171.13,175.32,690047.0
2026-06-01,172.96,175.09,166.0,170.09,989742.0
2026-06-02,170.3,170.85,162.55,163.6,754183.0
2026-06-03,160.0,166.38,159.11,164.84,1429984.0
2026-06-04,166.62,169.09,157.7,161.37,1013493.0
2026-06-05,163.44,166.09,161.46,162.06,540962.0
2026-06-08,161.58,163.1,157.58,163.01,802962.0
2026-06-09,164.4,167.6,161.79,166.36,604345.0
2026-06-10,164.07,168.9,161.75,164.77,448118.0
2026-06-11,165.19,175.74,165.19,173.17,921715.0
2026-06-12,173.69,179.02,172.87,174.66,736450.0
2026-06-15,178.4,179.99,174.89,179.11,861979.0
2026-06-16,180.57,184.79,180.11,183.56,713340.0
2026-06-17,182.25,184.86,177.97,178.5,476645.0
2026-06-18,179.57,181.12,171.45,172.57,687871.0
2026-06-22,173.92,178.99,171.75,178.75,437143.0
2026-06-23,178.99,182.0,177.63,180.88,232029.0
2026-06-24,180.08,185.25,178.26,182.96,438459.0
2026-06-25,184.23,186.52,182.8,183.94,261868.0
2026-06-26,184.39,189.0,181.4,189.0,552767.0
2026-06-29,188.07,188.64,185.03,187.17,545116.0
2026-06-30,187.17,187.8,183.5,187.08,596785.0
2026-07-01,187.68,192.0,187.08,191.2,635155.0
2026-07-02,192.01,208.52,191.62,203.72,1219565.0
2026-07-06,206.67,207.53,203.92,206.19,480958.0
2026-07-07,208.36,210.41,206.77,208.82,345237.0
2026-07-08,206.01,206.78,202.34,206.26,388905.0
2026-07-09,205.06,209.42,204.27,206.77,432488.0
2026-07-10,207.81,208.88,201.26,204.25,276198.0
2026-07-13,204.09,205.94,194.08,194.81,539220.0
2026-07-14,185.0,189.15,179.91,183.69,1810518.0
2026-07-15,182.21,193.87,182.2,192.34,801632.0
2026-07-16,192.0,200.99,192.0,199.2,650294.0
2026-07-17,197.65,199.52,194.71,194.91,516499.0
2026-07-20,196.09,198.13,193.58,194.38,358918.0
2026-07-21,193.69,197.78,191.59,196.49,432721.0
2026-07-22,195.65,198.56,191.26,195.35,457005.0
2026-07-23,194.48,200.09,191.76,199.02,911333.0
2026-07-24,235.01,246.82,229.36,233.2,2988294.0
2026-07-27,238.48,248.82,234.23,243.36,1276498.0
2026-07-28,246.88,262.68,246.1,262.63,906952.0
2026-07-29,257.91,261.18,254.98,257.62,572636.0
2026-07-30,255.79,256.0,247.54,252.73,566979.0
2026-07-31,251.15,255.94,249.65,254.78,427152.0
2026-08-03,257.43,260.83,248.65,249.99,575431.0
2026-08-04,248.19,254.89,244.43,253.33,596576.0
2026-08-05,256.12,263.6,250.66,261.74,542838.0
2026-08-06,264.15,265.32,256.23,256.64,306942.0
2026-08-07,256.49,263.14,255.7,262.13,285497.0
2026-08-10,261.3,264.26,259.15,259.93,320664.0
2026-08-11,259.14,263.55,257.31,259.45,256978.0
2026-08-12,258.21,269.31,256.28,266.79,235835.0
2026-08-13,268.11,270.57,264.65,267.05,243078.0
2026-08-14,266.64,268.26,266.24,267.9,150531.0
2026-08-17,265.64,268.13,264.29,264.56,291520.0
2026-08-18,267.0,271.92,267.0,270.21,311618.0
2026-08-19,270.91,277.76,268.51,268.52,230735.0
2026-08-20,268.0,276.0,266.13,272.6,253376.0
2026-08-21,274.68,280.89,274.07,280.77,364360.0
2026-08-24,279.75,283.05,276.93,278.59,310401.0
2026-08-25,277.66,277.66,270.86,271.88,596216.0
2026-08-26,272.37,278.16,272.05,274.19,198917.0
2026-08-27,270.35,273.13,264.22,267.75,581304.0
2026-08-28,272.81,272.81,264.09,266.8,207386.0
2026-08-31,265.71,269.53,262.43,265.91,362856.0
2026-09-01,267.15,273.58,262.79,265.84,434025.0
2026-09-02,267.16,267.82,253.51,258.53,465161.0
2026-09-03,261.79,264.93,256.25,263.49,285030.0
2026-09-04,261.04,266.0,261.01,265.05,194366.0
2026-09-08,261.07,266.75,258.18,259.06,339183.0
2026-09-09,258.61,270.29,256.46,269.08,293372.0
2026-09-10,267.99,270.61,262.86,263.46,241452.0
2026-09-11,266.29,267.66,260.3,263.69,262127.0
2026-09-14,267.5,270.25,262.01,264.51,223024.0
2026-09-15,262.9,263.77,256.71,260.85,164964.0
2026-09-16,261.0,267.78,260.76,265.78,210823.0
2026-09-17,264.6,265.92,260.16,261.9,245751.0
2026-09-18,263.49,265.83,258.55,261.99,312010.0
2026-09-21,261.93,263.58,258.02,260.97,222784.0
2026-09-22,263.06,265.2,261.3,262.06,258796.0
2026-09-23,262.55,263.97,255.41,256.44,244811.0
2026-09-24,258.55,259.51,249.38,249.54,226490.0
2026-09-25,248.89,260.97,248.86,259.71,282063.0
2026-09-28,258.0,265.64,256.85,257.93,172725.0
2026-09-29,257.41,259.89,254.2,257.6,169477.0
2026-09-30,257.58,260.46,255.53,255.56,158492.0
2026-10-01,255.71,260.65,252.11,253.97,146070.0
2026-10-02,255.38,260.99,254.98,258.62,205894.0
2026-10-05,259.0,264.45,258.75,259.47,235894.0
2026-10-06,260.72,263.46,257.06,258.47,175412.0
2026-10-07,256.45,261.57,256.45,259.83,160204.0
